{"(1, 'good')": 46.73278855003779, "(1, 'bad')": 47.18262957457714, "(2, 'good')": 42.77862309476042, "(2, 'bad')": 45.496039949296154, "(3, 'good')": 53.25458819078757, "(3, 'bad')": 37.52274431739656, "(4, 'good')": 45.5113488582583, "(4, 'bad')": 37.90034134403988, "(5, 'good')": 40.46407097044336, "(5, 'bad')": 37.98434501206545, "(6, 'good')": 49.22922334165202, "(6, 'bad')": 43.511406841872855, "(7, 'good')": 46.216033072989305, "(7, 'bad')": 38.271444362560814, "(8, 'good')": 0, "(8, 'bad')": 26.186274223057747, "(9, 'good')": 54.86733011680398, "(9, 'bad')": 42.02712155713375, "(10, 'good')": 43.25849888397238, "(10, 'bad')": 42.102894530003766, "(11, 'good')": 51.02864096532416, "(11, 'bad')": 42.61758887876043, "(12, 'good')": 43.0836018262541, "(12, 'bad')": 36.42637279775686}