{"(1, 'good')": 48.68239635528946, "(1, 'bad')": 48.293756163296706, "(2, 'good')": 48.781965047378236, "(2, 'bad')": 44.572754143638015, "(3, 'good')": 56.80353187582241, "(3, 'bad')": 43.46573999954194, "(4, 'good')": 0, "(4, 'bad')": 33.29831728053376, "(5, 'good')": 57.3631759654447, "(5, 'bad')": 41.04152511265727, "(6, 'good')": 55.56577688178307, "(6, 'bad')": 47.30405159559584, "(7, 'good')": 46.051016455043495, "(7, 'bad')": 45.20566199322063, "(8, 'good')": 0, "(8, 'bad')": 0, "(9, 'good')": 56.293891574262844, "(9, 'bad')": 42.92376886665741, "(10, 'good')": 51.19135765976305, "(10, 'bad')": 35.614511140767874, "(11, 'good')": 54.959364960343784, "(11, 'bad')": 45.416462275711254, "(12, 'good')": 44.23717128940797, "(12, 'bad')": 5.25}