{"(1, 'good')": 46.24279804844044, "(1, 'bad')": 46.384974035789355, "(2, 'good')": 47.29917606433026, "(2, 'bad')": 42.48544387016622, "(3, 'good')": 56.4380073633268, "(3, 'bad')": 39.605613290300866, "(4, 'good')": 39.981525782638776, "(4, 'bad')": 11.4921875, "(5, 'good')": 57.46913137406462, "(5, 'bad')": 41.31502219410412, "(6, 'good')": 55.9502199252654, "(6, 'bad')": 43.13213731453173, "(7, 'good')": 48.55737821789818, "(7, 'bad')": 33.99524730468896, "(8, 'good')": 33.79285290339227, "(8, 'bad')": 0, "(9, 'good')": 52.05025558841559, "(9, 'bad')": 40.198146404427504, "(10, 'good')": 50.300337161687565, "(10, 'bad')": 43.67425296978034, "(11, 'good')": 51.731463998840184, "(11, 'bad')": 46.027589199387116, "(12, 'good')": 43.26185473929095, "(12, 'bad')": 35.97391573831825}