{"(1, 'good')": 23.999999999999986, "(1, 'bad')": 21.499999999999986, "(2, 'good')": 19.99999999999993, "(2, 'bad')": 21.49999999999885, "(3, 'good')": 23.999999999999993, "(3, 'bad')": 26.249999999999996, "(4, 'good')": 0, "(4, 'bad')": 0, "(5, 'good')": 0, "(5, 'bad')": 0, "(6, 'good')": 0, "(6, 'bad')": 0, "(7, 'good')": 0, "(7, 'bad')": 0, "(8, 'good')": 0, "(8, 'bad')": 0, "(9, 'good')": 0, "(9, 'bad')": 0, "(10, 'good')": 0, "(10, 'bad')": 0, "(11, 'good')": 0, "(11, 'bad')": 0, "(12, 'good')": 0, "(12, 'bad')": 0}